<?xml version="1.0" encoding="UTF-8"?>
<GenRun Id="synth_1" LaunchPart="xc7z020clg484-1" LaunchTime="1592498260">
  <File Type="PA-TCL" Name="myip_v1_0.tcl"/>
  <File Type="REPORTS-TCL" Name="myip_v1_0_reports.tcl"/>
  <File Type="RDS-RDS" Name="myip_v1_0.vds"/>
  <File Type="RDS-UTIL" Name="myip_v1_0_utilization_synth.rpt"/>
  <File Type="RDS-UTIL-PB" Name="myip_v1_0_utilization_synth.pb"/>
  <File Type="RDS-DCP" Name="myip_v1_0.dcp"/>
  <FileSet Name="sources" Type="DesignSrcs" RelSrcDir="$PSRCDIR/sources_1">
    <Filter Type="Srcs"/>
    <File Path="$PSRCDIR/sources_1/imports/Lab1/memory_RAM.v">
      <FileInfo>
        <Attr Name="ImportPath" Val="D:/Downloads/School/Y2S2/EE4218/Lab1/memory_RAM.v"/>
        <Attr Name="ImportTime" Val="1589351510"/>
        <Attr Name="UsedIn" Val="synthesis"/>
        <Attr Name="UsedIn" Val="implementation"/>
        <Attr Name="UsedIn" Val="simulation"/>
      </FileInfo>
    </File>
    <File Path="$PSRCDIR/sources_1/imports/Lab1/myip_v1_0.v">
      <FileInfo>
        <Attr Name="ImportPath" Val="D:/Downloads/School/Y2S2/EE4218/Lab1/myip_v1_0.v"/>
        <Attr Name="ImportTime" Val="1590728877"/>
        <Attr Name="UsedIn" Val="synthesis"/>
        <Attr Name="UsedIn" Val="implementation"/>
        <Attr Name="UsedIn" Val="simulation"/>
      </FileInfo>
    </File>
    <File Path="$PSRCDIR/sources_1/imports/Lab1/matrix_multiply.v">
      <FileInfo>
        <Attr Name="ImportPath" Val="D:/Downloads/School/Y2S2/EE4218/Lab1/matrix_multiply.v"/>
        <Attr Name="ImportTime" Val="1590683666"/>
        <Attr Name="UsedIn" Val="synthesis"/>
        <Attr Name="UsedIn" Val="implementation"/>
        <Attr Name="UsedIn" Val="simulation"/>
      </FileInfo>
    </File>
    <File Path="$PSRCDIR/sources_1/new/sigmoid_function.v">
      <FileInfo>
        <Attr Name="ImportPath" Val="D:/Downloads/School/Y2S2/EE4218/Project_Hardware/Project_Hardware.srcs/sources_1/new/sigmoid_function.v"/>
        <Attr Name="ImportTime" Val="1592498341"/>
        <Attr Name="UsedIn" Val="synthesis"/>
        <Attr Name="UsedIn" Val="implementation"/>
        <Attr Name="UsedIn" Val="simulation"/>
      </FileInfo>
    </File>
    <File Path="$PSRCDIR/sources_1/new/output_layer_mat_mult.v">
      <FileInfo>
        <Attr Name="ImportPath" Val="D:/Downloads/School/Y2S2/EE4218/Project_Hardware/Project_Hardware.srcs/sources_1/new/output_layer_mat_mult.v"/>
        <Attr Name="ImportTime" Val="1592497168"/>
        <Attr Name="UsedIn" Val="synthesis"/>
        <Attr Name="UsedIn" Val="implementation"/>
        <Attr Name="UsedIn" Val="simulation"/>
      </FileInfo>
    </File>
    <Config>
      <Option Name="DesignMode" Val="RTL"/>
      <Option Name="TopModule" Val="myip_v1_0"/>
    </Config>
  </FileSet>
  <FileSet Name="constrs_in" Type="Constrs" RelSrcDir="$PSRCDIR/constrs_1">
    <Filter Type="Constrs"/>
    <Config>
      <Option Name="ConstrsType" Val="XDC"/>
    </Config>
  </FileSet>
  <FileSet Name="utils" Type="Utils" RelSrcDir="$PSRCDIR/utils_1">
    <Filter Type="Utils"/>
    <Config>
      <Option Name="TopAutoSet" Val="TRUE"/>
    </Config>
  </FileSet>
  <Strategy Version="1" Minor="2">
    <StratHandle Name="Vivado Synthesis Defaults" Flow="Vivado Synthesis 2019"/>
    <Step Id="synth_design"/>
  </Strategy>
</GenRun>
